﻿<?xml version="1.0" encoding="utf-8"?>
<ISO15745Profile xmlns="http://www.profibus.com/GSDML/2003/11/DeviceProfile" xmlns:xsi="http://www.w3.org/2001/XMLSchema-instance" xsi:schemaLocation="http://www.profibus.com/GSDML/2003/11/DeviceProfile ..\xsd\GSDML-DeviceProfile-V2.34.xsd">
  <ProfileHeader>
    <ProfileIdentification>PROFINET Device Profile</ProfileIdentification>
    <ProfileRevision>1.00</ProfileRevision>
    <ProfileName>Device Profile for PROFINET Devices</ProfileName>
    <ProfileSource>PROFIBUS Nutzerorganisation e. V. (PNO)</ProfileSource>
    <ProfileClassID>Device</ProfileClassID>
    <ISO15745Reference>
      <ISO15745Part>4</ISO15745Part>
      <ISO15745Edition>1</ISO15745Edition>
      <ProfileTechnology>GSDML</ProfileTechnology>
    </ISO15745Reference>
  </ProfileHeader>
  <ProfileBody>

    <DeviceIdentity VendorID="0x01FD" DeviceID="0x0BBC">
      <InfoText TextId="s_top_information"/>
      <VendorName Value="KEYENCE CORPORATION."/>
    </DeviceIdentity>
    <DeviceFunction>
      <Family MainFamily="Sensors" ProductFamily="Keyence High Precision Measurement System"/>
    </DeviceFunction>
    <ApplicationProcess>
      <DeviceAccessPointList>

        <DeviceAccessPointItem AddressAssignment="DCP;LOCAL" PhysicalSlots="0..20" ModuleIdentNumber="0x00000001" MinDeviceInterval="32" DNS_CompatibleName="lj-x8k-cb-npn20e" FixedInSlots="0" ObjectUUID_LocalIndex="1" ID="DAP1" RequiredSchemaVersion="V2.33" DeviceAccessSupported="true" NumberOfDeviceAccessAR="1" PNIO_Version="V2.34" CheckDeviceID_Allowed="true" NameOfStationNotTransferable="true" MultipleWriteSupported="true" LLDP_NoD_Supported="true" ResetToFactoryModes="2" ParameterizationSpeedupSupported="true">
          <ModuleInfo>
            <Name TextId="LJ-X8K-CB-NPN20E_"/>
            <InfoText TextId="s_LJ-X8K-CB-NPN20E"/>
            <VendorName Value="Keyence"/>
            <OrderNumber Value="LJ-X8K-CB-NPN20E"/>
            <HardwareRelease Value="1.0"/>
            <SoftwareRelease Value="1.1"/>
          </ModuleInfo>
          <CertificationInfo ConformanceClass="C" ApplicationClass="" NetloadClass="III"/>
          <SubslotList>
            <SubslotItem SubslotNumber="32768" TextId="s_x1"/>
            <SubslotItem SubslotNumber="32769" TextId="s_x1_p1"/>
            <SubslotItem SubslotNumber="32770" TextId="s_x1_p2"/>
          </SubslotList>
          <IOConfigData MaxInputLength="1440" MaxOutputLength="1440"/>
          <UseableModules>
            <ModuleItemRef ModuleItemTarget="101" AllowedInSlots="1" UsedInSlots="1"/>
            <ModuleItemRef ModuleItemTarget="102" AllowedInSlots="2" UsedInSlots="2"/>
            <ModuleItemRef ModuleItemTarget="103" AllowedInSlots="3" UsedInSlots="3"/>
            <ModuleItemRef ModuleItemTarget="104" AllowedInSlots="4" UsedInSlots="4"/>
            <ModuleItemRef ModuleItemTarget="105" AllowedInSlots="5" UsedInSlots="5"/>
            <ModuleItemRef ModuleItemTarget="106" AllowedInSlots="6..10" UsedInSlots="6"/>
            <ModuleItemRef ModuleItemTarget="201" AllowedInSlots="11" UsedInSlots="11"/>
            <ModuleItemRef ModuleItemTarget="202" AllowedInSlots="12" UsedInSlots="12"/>
            <ModuleItemRef ModuleItemTarget="203" AllowedInSlots="13" UsedInSlots="13"/>
            <ModuleItemRef ModuleItemTarget="204" AllowedInSlots="14" UsedInSlots="14"/>
            <ModuleItemRef ModuleItemTarget="205" AllowedInSlots="15" UsedInSlots="15"/>
            <ModuleItemRef ModuleItemTarget="206" AllowedInSlots="16..20" UsedInSlots="16"/>
          </UseableModules>
          <VirtualSubmoduleList>
            <VirtualSubmoduleItem ID="DIM 2" SubmoduleIdentNumber="0x00000001" Writeable_IM_Records="1 2 3" MayIssueProcessAlarm="true">
              <IOData/>
              <ModuleInfo>
                <Name TextId="LJ-X8K-CB-NPN20E_"/>
                <InfoText TextId="s_LJ-X8K-CB-NPN20E"/>
                <SoftwareRelease Value="1.1"/>
              </ModuleInfo>
            </VirtualSubmoduleItem>
          </VirtualSubmoduleList>
          <SystemDefinedSubmoduleList>
            <InterfaceSubmoduleItem ID="IDS_DAP1I" SubslotNumber="32768" SubmoduleIdentNumber="0x0002" SupportedRT_Classes="RT_CLASS_1;RT_CLASS_3" TextId="s_interface" IsochroneModeSupported="false" SupportedProtocols="LLDP;SNMP" PTP_BoundarySupported="true" DCP_BoundarySupported="true" DelayMeasurementSupported="true">
              <RT_Class3Properties StartupMode="Legacy;Advanced" ForwardingMode="Relative" MaxNumberIR_FrameData="128" MaxBridgeDelay="2760"/>
              <SynchronisationMode SupportedRole="SyncSlave" T_PLL_MAX="1000" SupportedSyncProtocols="PTCP"/>
              <ApplicationRelations StartupMode="Legacy;Advanced" NumberOfAdditionalInputCR="0" NumberOfAdditionalMulticastProviderCR="0" NumberOfAdditionalOutputCR="0" NumberOfMulticastConsumerCR="0">
                <TimingProperties SendClock="32 64 128" ReductionRatio="1 2 4 8 16 32 64 128 256 512"/>
                <RT_Class3TimingProperties SendClock="8 16 32 64 128" ReductionRatio="1 2 4 8 16"/>
              </ApplicationRelations>
              <MediaRedundancy SupportedRole="Client"/>
            </InterfaceSubmoduleItem>
            <PortSubmoduleItem ID="IDS_DAP1P" SubslotNumber="32769" SubmoduleIdentNumber="0x0003" MAUType="100BASETXFD" MAUTypes="16" TextId="s_Port1" SupportsRingportConfig="true" IsDefaultRingport="true" MaxPortRxDelay="209" MaxPortTxDelay="129" PortDeactivationSupported="true" LinkStateDiagnosisCapability="Up+Down" CheckMAUTypeSupported="true" CheckMAUTypeDifferenceSupported="true">
              <MAUTypeList>
                <MAUTypeItem Value="16" AdjustSupported="true"/>
              </MAUTypeList>
            </PortSubmoduleItem>
            <PortSubmoduleItem ID="IDS_DAP2P" SubslotNumber="32770" SubmoduleIdentNumber="0x0003" MAUType="100BASETXFD" MAUTypes="16" TextId="s_Port2" SupportsRingportConfig="true" IsDefaultRingport="true" MaxPortRxDelay="209" MaxPortTxDelay="129" PortDeactivationSupported="true" LinkStateDiagnosisCapability="Up+Down" CheckMAUTypeSupported="true" CheckMAUTypeDifferenceSupported="true">
              <MAUTypeList>
                <MAUTypeItem Value="16" AdjustSupported="true"/>
              </MAUTypeList>
            </PortSubmoduleItem>
          </SystemDefinedSubmoduleList>
          <Graphics>
            <GraphicItemRef Type="DeviceSymbol" GraphicItemTarget="1"/>
          </Graphics>
        </DeviceAccessPointItem>


      </DeviceAccessPointList>
      <ModuleList>

        <ModuleItem ID="101" ModuleIdentNumber="0x00000101">
          <ModuleInfo CategoryRef="output_bit_modules">
            <Name TextId="s_command_result_status"/>
            <InfoText TextId="s_command_result_status_info"/>
          </ModuleInfo>
          <VirtualSubmoduleList>
            <VirtualSubmoduleItem ID="1" SubmoduleIdentNumber="0x00000100" MayIssueProcessAlarm="true">
              <IOData>
                <Input Consistency="All items consistency">
                  <DataItem DataType="Unsigned8" TextId="s_command_result_status_register" UseAsBits="true">
                    <BitDataItem BitOffset="0" TextId="s_command_complete_flag"/>
                    <BitDataItem BitOffset="1" TextId="s_command_error_flag"/>
                    <BitDataItem BitOffset="2" TextId="s_command_ready_flag"/>
                    <BitDataItem BitOffset="3" TextId="s_result_ready_flag"/>
                    <BitDataItem BitOffset="4" TextId="s_result_or_flag"/>
                  </DataItem>
                </Input>
              </IOData>
              <ModuleInfo>
                <Name TextId="s_command_result_status"/>
                <InfoText TextId="s_command_result_status_info"/>
              </ModuleInfo>
            </VirtualSubmoduleItem>
          </VirtualSubmoduleList>
        </ModuleItem>

        <ModuleItem ID="102" ModuleIdentNumber="0x00000102">
          <ModuleInfo CategoryRef="output_bit_modules">
            <Name TextId="s_misc_status"/>
            <InfoText TextId="s_misc_status_info"/>
          </ModuleInfo>
          <VirtualSubmoduleList>
            <VirtualSubmoduleItem ID="2" SubmoduleIdentNumber="0x00000100" MayIssueProcessAlarm="true">
              <IOData>
                <Input Consistency="All items consistency">
                  <DataItem DataType="Unsigned8" TextId="s_misc_status_register" UseAsBits="true">
                    <BitDataItem BitOffset="0" TextId="s_ready"/>
                    <BitDataItem BitOffset="1" TextId="s_ack"/>
                    <BitDataItem BitOffset="3" TextId="s_busy"/>
                    <BitDataItem BitOffset="4" TextId="s_error0_status_flag"/>
                    <BitDataItem BitOffset="6" TextId="s_remote_ready_flag"/>
                    <BitDataItem BitOffset="7" TextId="s_buf_over"/>
                  </DataItem>
                </Input>
              </IOData>
              <ModuleInfo>
                <Name TextId="s_misc_status"/>
                <InfoText TextId="s_misc_status_info"/>
              </ModuleInfo>
            </VirtualSubmoduleItem>
          </VirtualSubmoduleList>
        </ModuleItem>

        <ModuleItem ID="103" ModuleIdentNumber="0x00000103">
          <ModuleInfo CategoryRef="output_bit_modules">
            <Name TextId="s_ack_status"/>
            <InfoText TextId="s_ack_status_info"/>
          </ModuleInfo>
          <VirtualSubmoduleList>
            <VirtualSubmoduleItem ID="3" SubmoduleIdentNumber="0x00000100" MayIssueProcessAlarm="true">
              <IOData>
                <Input Consistency="All items consistency">
                  <DataItem DataType="Unsigned8" TextId="s_ack_status_register" UseAsBits="true">
                    <BitDataItem BitOffset="0" TextId="s_tim_on1_ack"/>
                    <BitDataItem BitOffset="1" TextId="s_tim_off1_ack"/>
                    <BitDataItem BitOffset="2" TextId="s_zero_on1_ack"/>
                    <BitDataItem BitOffset="3" TextId="s_zero_off1_ack"/>
                    <BitDataItem BitOffset="4" TextId="s_reset1_ack"/>
                  </DataItem>
                </Input>
              </IOData>
              <ModuleInfo>
                <Name TextId="s_ack_status"/>
                <InfoText TextId="s_ack_status_info"/>
              </ModuleInfo>
            </VirtualSubmoduleItem>
          </VirtualSubmoduleList>
        </ModuleItem>

        <ModuleItem ID="104" ModuleIdentNumber="0x00000104">
          <ModuleInfo CategoryRef="output_bit_modules">
            <Name TextId="s_ack_status"/>
            <InfoText TextId="s_ack_status_info"/>
          </ModuleInfo>
          <VirtualSubmoduleList>
            <VirtualSubmoduleItem ID="4" SubmoduleIdentNumber="0x00000100" MayIssueProcessAlarm="true">
              <IOData>
                <Input Consistency="All items consistency">
                  <DataItem DataType="Unsigned8" TextId="s_ack_status_register" UseAsBits="true">
                    <BitDataItem BitOffset="0" TextId="s_tim_on2_ack"/>
                    <BitDataItem BitOffset="1" TextId="s_tim_off2_ack"/>
                    <BitDataItem BitOffset="2" TextId="s_zero_on2_ack"/>
                    <BitDataItem BitOffset="3" TextId="s_zero_off2_ack"/>
                    <BitDataItem BitOffset="4" TextId="s_reset2_ack"/>
                    <BitDataItem BitOffset="6" TextId="s_ouput_img_busy"/>
                    <BitDataItem BitOffset="7" TextId="s_output_img_status"/>
                  </DataItem>
                </Input>
              </IOData>
              <ModuleInfo>
                <Name TextId="s_ack_status"/>
                <InfoText TextId="s_ack_status_info"/>
              </ModuleInfo>
            </VirtualSubmoduleItem>
          </VirtualSubmoduleList>
        </ModuleItem>

        <ModuleItem ID="105" ModuleIdentNumber="0x00000105">
          <ModuleInfo CategoryRef="output_bit_modules">
            <Name TextId="s_tool_judge_value"/>
            <InfoText TextId="s_tool_judge_value_info"/>
          </ModuleInfo>
          <VirtualSubmoduleList>
            <VirtualSubmoduleItem ID="5" SubmoduleIdentNumber="0x00000100" MayIssueProcessAlarm="true">
              <IOData>
                <Input Consistency="All items consistency">
                  <DataItem DataType="OctetString" TextId="s_tool_judge_value_register" Length="8"/>
                </Input>
              </IOData>
              <ModuleInfo>
                <Name TextId="s_tool_judge_value"/>
                <InfoText TextId="s_tool_judge_value_info"/>
              </ModuleInfo>
            </VirtualSubmoduleItem>
          </VirtualSubmoduleList>
        </ModuleItem>

        <ModuleItem ID="106" ModuleIdentNumber="0x00000106">
          <ModuleInfo CategoryRef="output_byte_modules">
            <Name TextId="s_result_data_248"/>
            <InfoText TextId="s_result_data_info"/>
          </ModuleInfo>
          <VirtualSubmoduleList>
            <VirtualSubmoduleItem ID="6" SubmoduleIdentNumber="0x00000100" FixedInSubslots="1" MayIssueProcessAlarm="false">
              <IOData>
                <Input Consistency="All items consistency">
                  <DataItem DataType="OctetString" TextId="s_result" Length="248"/>
                </Input>
              </IOData>
              <ModuleInfo>
                <Name TextId="s_result_data_248"/>
                <InfoText TextId="s_result_data_info"/>
              </ModuleInfo>
            </VirtualSubmoduleItem>
          </VirtualSubmoduleList>
        </ModuleItem>

        <ModuleItem ID="201" ModuleIdentNumber="0x00000201">
          <ModuleInfo CategoryRef="control_bit_modules">
            <Name TextId="s_command_result_control"/>
            <InfoText TextId="s_command_result_control_info"/>
          </ModuleInfo>
          <VirtualSubmoduleList>
            <VirtualSubmoduleItem ID="11" SubmoduleIdentNumber="0x10000100" MayIssueProcessAlarm="true">
              <IOData>
                <Output Consistency="All items consistency">
                  <DataItem DataType="Unsigned8" TextId="s_command_result_control_register" UseAsBits="true">
                    <BitDataItem BitOffset="0" TextId="s_command_request_flag"/>
                    <BitDataItem BitOffset="3" TextId="s_result_ack_flag"/>
                    <BitDataItem BitOffset="4" TextId="s_error0_reset_request_flag"/>
                  </DataItem>
                </Output>
              </IOData>
              <ModuleInfo>
                <Name TextId="s_command_result_control"/>
                <InfoText TextId="s_command_result_control_info"/>
              </ModuleInfo>
            </VirtualSubmoduleItem>
          </VirtualSubmoduleList>
        </ModuleItem>

        <ModuleItem ID="202" ModuleIdentNumber="0x00000202">
          <ModuleInfo CategoryRef="control_bit_modules">
            <Name TextId="s_trg_control"/>
            <InfoText TextId="s_trg_control_info"/>
          </ModuleInfo>
          <VirtualSubmoduleList>
            <VirtualSubmoduleItem ID="12" SubmoduleIdentNumber="0x10000100" MayIssueProcessAlarm="true">
              <IOData>
                <Output Consistency="All items consistency">
                  <DataItem DataType="Unsigned8" TextId="s_trg_control_register" UseAsBits="true">
                    <BitDataItem BitOffset="0" TextId="s_trg"/>
                  </DataItem>
                </Output>
              </IOData>
              <ModuleInfo>
                <Name TextId="s_trg_control"/>
                <InfoText TextId="s_trg_control_info"/>
              </ModuleInfo>
            </VirtualSubmoduleItem>
          </VirtualSubmoduleList>
        </ModuleItem>

        <ModuleItem ID="203" ModuleIdentNumber="0x00000203">
          <ModuleInfo CategoryRef="control_bit_modules">
            <Name TextId="s_miscellaneous_control"/>
            <InfoText TextId="s_miscellaneous_control_info"/>
          </ModuleInfo>
          <VirtualSubmoduleList>
            <VirtualSubmoduleItem ID="13" SubmoduleIdentNumber="0x10000100" MayIssueProcessAlarm="true">
              <IOData>
                <Output Consistency="All items consistency">
                  <DataItem DataType="Unsigned8" TextId="s_miscellaneous_control_register" UseAsBits="true">
                    <BitDataItem BitOffset="0" TextId="s_reset"/>
                    <BitDataItem BitOffset="1" TextId="s_ext"/>
                    <BitDataItem BitOffset="2" TextId="s_test"/>
                  </DataItem>
                </Output>
              </IOData>
              <ModuleInfo>
                <Name TextId="s_miscellaneous_control"/>
                <InfoText TextId="s_miscellaneous_control_info"/>
              </ModuleInfo>
            </VirtualSubmoduleItem>
          </VirtualSubmoduleList>
        </ModuleItem>

        <ModuleItem ID="204" ModuleIdentNumber="0x00000204">
          <ModuleInfo CategoryRef="control_bit_modules">
            <Name TextId="s_measure_control"/>
            <InfoText TextId="s_measure_control_info"/>
          </ModuleInfo>
          <VirtualSubmoduleList>
            <VirtualSubmoduleItem ID="14" SubmoduleIdentNumber="0x10000100" MayIssueProcessAlarm="true">
              <IOData>
                <Output Consistency="All items consistency">
                  <DataItem DataType="Unsigned8" TextId="s_measure_control_register" UseAsBits="true">
                    <BitDataItem BitOffset="0" TextId="s_tim_on1"/>
                    <BitDataItem BitOffset="1" TextId="s_tim_off1"/>
                    <BitDataItem BitOffset="2" TextId="s_zero_on1"/>
                    <BitDataItem BitOffset="3" TextId="s_zero_off1"/>
                    <BitDataItem BitOffset="4" TextId="s_reset1"/>
                  </DataItem>
                  <DataItem DataType="Unsigned8" TextId="s_measure_control_register" UseAsBits="true">
                    <BitDataItem BitOffset="0" TextId="s_tim_on2"/>
                    <BitDataItem BitOffset="1" TextId="s_tim_off2"/>
                    <BitDataItem BitOffset="2" TextId="s_zero_on2"/>
                    <BitDataItem BitOffset="3" TextId="s_zero_off2"/>
                    <BitDataItem BitOffset="4" TextId="s_reset2"/>
                  </DataItem>
                </Output>
              </IOData>
              <ModuleInfo>
                <Name TextId="s_measure_control"/>
                <InfoText TextId="s_measure_control_info"/>
              </ModuleInfo>
            </VirtualSubmoduleItem>
          </VirtualSubmoduleList>
        </ModuleItem>

        <ModuleItem ID="205" ModuleIdentNumber="0x00000205">
          <ModuleInfo CategoryRef="control_bit_modules">
            <Name TextId="s_reserved_control"/>
            <InfoText TextId="s_reserved_control_info"/>
          </ModuleInfo>
          <VirtualSubmoduleList>
            <VirtualSubmoduleItem ID="15" SubmoduleIdentNumber="0x10000100" MayIssueProcessAlarm="true">
              <IOData>
                <Output Consistency="All items consistency">
                  <DataItem DataType="OctetString" TextId="s_parameter" Length="7"/>
                </Output>
              </IOData>
              <ModuleInfo>
                <Name TextId="s_reserved_control"/>
                <InfoText TextId="s_reserved_control_info"/>
              </ModuleInfo>
            </VirtualSubmoduleItem>
          </VirtualSubmoduleList>
        </ModuleItem>

        <ModuleItem ID="206" ModuleIdentNumber="0x00000206">
          <ModuleInfo CategoryRef="parameter_byte_modules">
            <Name TextId="s_parameter_248"/>
            <InfoText TextId="s_parameter_info"/>
          </ModuleInfo>
          <VirtualSubmoduleList>
            <VirtualSubmoduleItem ID="16" SubmoduleIdentNumber="0x10000100" FixedInSubslots="1" MayIssueProcessAlarm="false">
              <IOData>
                <Output Consistency="All items consistency">
                  <DataItem DataType="OctetString" TextId="s_parameter" Length="248"/>
                </Output>
              </IOData>
              <ModuleInfo>
                <Name TextId="s_parameter_248"/>
                <InfoText TextId="s_parameter_info"/>
              </ModuleInfo>
            </VirtualSubmoduleItem>
          </VirtualSubmoduleList>
        </ModuleItem>
      </ModuleList>

      <GraphicsList>
        <GraphicItem ID="1" GraphicFile="GSDML-01FD-LJ-X8K-CB-NPN20E"/>
      </GraphicsList>
      <CategoryList>
        <CategoryItem TextId="s_control_bit_modules" ID="control_bit_modules"/>
        <CategoryItem TextId="s_status_bit_modules" ID="output_bit_modules"/>
        <CategoryItem TextId="s_parameter_byte_modules" ID="parameter_byte_modules"/>
        <CategoryItem TextId="s_result_byte_modules" ID="output_byte_modules"/>
      </CategoryList>

      <ExternalTextList>
        <PrimaryLanguage>
          <!-- General Text -->
          <Text TextId="s_top_information" Value="LJ-X Series Displacement Sensor"/>
          <Text TextId="LJ-X8K-CB-NPN20E_" Value="LJ-X8K-CB-NPN20E"/>
          <Text TextId="s_LJ-X8K-CB-NPN20E" Value="LJ-X8K-CB-NPN20E High Precision Measurement Communication Unit"/>
          <Text TextId="s_x1" Value="X1"/>
          <Text TextId="s_x1_p1" Value="X1 P1"/>
          <Text TextId="s_x1_p2" Value="X1 P2"/>
          <Text TextId="s_interface" Value="Interface"/>
          <Text TextId="s_Port1" Value="Port 1"/>
          <Text TextId="s_Port2" Value="Port 2"/>
          <!-- Module Info -->
          <Text TextId="s_command_result_status" Value="Command and Result Status"/>
          <Text TextId="s_command_result_status_info" Value="Status of command and result"/>
          <Text TextId="s_command_result_status_register" Value="Command and Result Status Register"/>
          <Text TextId="s_command_complete_flag" Value="Command complete flag"/>
          <Text TextId="s_command_error_flag" Value="Command error flag"/>
          <Text TextId="s_command_ready_flag" Value="Command ready flag"/>
          <Text TextId="s_result_ready_flag" Value="Result ready flag"/>
          <Text TextId="s_result_or_flag" Value="Result OR flag"/>

          <Text TextId="s_misc_status" Value="Miscellaneous Status"/>
          <Text TextId="s_misc_status_info" Value="Miscellaneous status of LJ-X"/>
          <Text TextId="s_misc_status_register" Value="Miscellaneous Status Register"/>
          <Text TextId="s_ready" Value="READY"/>
          <Text TextId="s_ack" Value="Trg ack"/>
          <Text TextId="s_busy" Value="Busy"/>
          <Text TextId="s_error0_status_flag" Value="Error Status Flag"/>
          <Text TextId="s_remote_ready_flag" Value="RUN"/>
          <Text TextId="s_buf_over" Value="BUF_OVER"/>

          <Text TextId="s_ack_status" Value="Ack Status"/>
          <Text TextId="s_ack_status_info" Value="Status of ack"/>
          <Text TextId="s_ack_status_register" Value="Ack Status Register"/>
          <Text TextId="s_tim_on1_ack" Value="TIMING ON1 ack"/>
          <Text TextId="s_tim_off1_ack" Value="TIMING OFF1 ack"/>
          <Text TextId="s_zero_on1_ack" Value="ZERO ON1 ack"/>
          <Text TextId="s_zero_off1_ack" Value="ZERO OFF1 ack"/>
          <Text TextId="s_reset1_ack" Value="M RESET1 ack"/>
          <Text TextId="s_tim_on2_ack" Value="TIMING ON2 ack"/>
          <Text TextId="s_tim_off2_ack" Value="TIMING OFF2 ack"/>
          <Text TextId="s_zero_on2_ack" Value="ZERO ON2 ack"/>
          <Text TextId="s_zero_off2_ack" Value="ZERO OFF2 ack"/>
          <Text TextId="s_reset2_ack" Value="M RESET2 ack"/>
          <Text TextId="s_ouput_img_busy" Value="Outputting image signal"/>
          <Text TextId="s_output_img_status" Value="Remaining Output Data of Image Output"/>

          <Text TextId="s_tool_judge_value" Value="Tool Judge Value"/>
          <Text TextId="s_tool_judge_value_info" Value="Value of Tool Judge"/>
          <Text TextId="s_tool_judge_value_register" Value="Tool Judge Value 0-63"/>

          <Text TextId="s_result_data_248" Value="Result Data 248Byte"/>

          <Text TextId="s_result_data_info" Value="Reads result data from LJ-X"/>
          <Text TextId="s_result" Value="Result"/>

          <Text TextId="s_command_result_control" Value="Command and Result Control"/>
          <Text TextId="s_command_result_control_info" Value="Controlls command and result"/>
          <Text TextId="s_command_result_control_register" Value="Command and Result Control Register"/>
          <Text TextId="s_command_request_flag" Value="Command Request Flag"/>
          <Text TextId="s_result_ack_flag" Value="Result Ack Flag"/>
          <Text TextId="s_error0_reset_request_flag" Value="Error Reset Request Flag"/>

          <Text TextId="s_trg_control" Value="Trg Control"/>
          <Text TextId="s_trg_control_info" Value="Controlls trigger"/>
          <Text TextId="s_trg_control_register" Value="Trg Control Register"/>
          <Text TextId="s_trg" Value="TRG"/>
          
          <Text TextId="s_reserved_control" Value="Reserved Control"/>
          <Text TextId="s_reserved_control_info" Value="Reserved control register"/>

          <Text TextId="s_miscellaneous_control" Value="Miscellaneous Control"/>
          <Text TextId="s_miscellaneous_control_info" Value="Controlls miscellaneous function"/>
          <Text TextId="s_miscellaneous_control_register" Value="Miscellaneous Control Register"/>
          <Text TextId="s_reset" Value="RESET"/>
          <Text TextId="s_ext" Value="EXT"/>
          <Text TextId="s_test" Value="TEST"/>

          <Text TextId="s_measure_control" Value="Measurement Control"/>
          <Text TextId="s_measure_control_info" Value="Measurement control register"/>
          <Text TextId="s_measure_control_register" Value="Measurement Control Register"/>
          <Text TextId="s_tim_on1" Value="TIMING ON1"/>
          <Text TextId="s_tim_off1" Value="TIMING OFF1"/>
          <Text TextId="s_zero_on1" Value="ZERO ON1"/>
          <Text TextId="s_zero_off1" Value="ZERO OFF1"/>
          <Text TextId="s_reset1" Value="M RESET1"/>
          <Text TextId="s_tim_on2" Value="TIMING ON2"/>
          <Text TextId="s_tim_off2" Value="TIMING OFF2"/>
          <Text TextId="s_zero_on2" Value="ZERO ON2"/>
          <Text TextId="s_zero_off2" Value="ZERO OFF2"/>
          <Text TextId="s_reset2" Value="M RESET2"/>

          <Text TextId="s_parameter" Value="Parameter"/>
          <Text TextId="s_parameter_248" Value="Parameter 248Byte"/>
          <Text TextId="s_parameter_info" Value="Writes data to LJ-X"/>

          <Text TextId="s_status_bit_modules" Value="Status Bit Modules"/>
          <Text TextId="s_result_byte_modules" Value="Result Byte Modules"/>
          <Text TextId="s_control_bit_modules" Value="Control Bit Modules"/>
          <Text TextId="s_parameter_byte_modules" Value="Parameter Byte Modules"/>

        </PrimaryLanguage>
      </ExternalTextList>
    </ApplicationProcess>
  </ProfileBody>
</ISO15745Profile>